row_id,target
0-4,0.001024380832160742
0-32,0.0009475270959370393
0-34,0.0009475270959370393
